Time_s_,Acc_x,Acc_y,Acc_z,Gyro_x,Gyro_y,Gyro_z,Velo_x,Velo_y,Velo_z,Pos_x,Pos_y,Pos_z,sum_xyz,magnitude
0.3022852,-0.02932751,0.0201524,0.06884853,-0.01704417,0.1319466,0.01439629,0.0003066035,0.003217418,-0.002021499,0.6615775,1.616174,-0.2912809,0.05967342,0.077500594187062
0.3157554,0.02399345,0.03775476,0.04231413,-0.01660873,0.1321007,0.01433584,0.000526823,0.003404545,-0.001415898,0.6616118,1.616238,-0.2912832,0.1040623,0.061575907876463
0.3283153,0.01362855,-0.08727792,0.04307192,-0.01609781,0.1320692,0.01429014,0.0005820385,0.003477595,-0.000917785,0.6616256,1.616279,-0.2912742,-0.03057745,0.098276969136165
0.3451872,-0.04009201,-0.02494523,0.01909505,-0.01624624,0.1319773,0.01465465,0.000590213,0.002907425,-0.0007099114,0.6616271,1.61634,-0.2912986,-0.04594219,0.050933829368104
0.3581152,-0.0003037746,-0.04769741,0.02616015,-0.01626933,0.1318635,0.01471739,0.0004983234,0.002093978,-0.0002653296,0.6616473,1.616332,-0.2912916,-0.02184104,0.054401176815451
0.3715286,-0.04640614,-0.01819157,0.08458675,-0.0161911,0.1317495,0.01463757,0.0009010265,0.001752724,0.0002947637,0.6616702,1.616342,-0.2912619,0.01998904,0.098180356053656
0.3838768,0.03692772,-0.005039689,0.05419942,-0.01603252,0.1317872,0.01465812,0.0009401871,0.001710675,0.001069151,0.6617146,1.616357,-0.2912135,0.08608745,0.06577714087951
0.3986778,-0.01760551,-0.04241172,0.07467713,-0.01568299,0.1315325,0.01491965,0.001079721,0.001461841,0.002045981,0.6617143,1.616356,-0.2911205,0.0146599,0.087666309893899
0.417161,0.04936277,-0.06889388,0.02074556,-0.0159052,0.1312651,0.01489772,0.0009942076,0.001203284,0.002927916,0.661752,1.61637,-0.2910439,0.001214446,0.087254957864
0.4275174,0.0532098,-0.0722241,0.008749846,-0.01600056,0.1311195,0.01492767,0.001087841,0.0005862079,0.003094585,0.6617758,1.616358,-0.2909985,-0.01026445,0.090134139029529
0.4394188,-0.02165483,-0.04553524,0.02561543,-0.01621281,0.1307877,0.01495944,0.001281841,-3.421824E-05,0.003246294,0.6617804,1.616326,-0.2909417,-0.04157464,0.056555640794639
0.4532328,-0.018964,-0.03791797,0.01745246,-0.0162386,0.130614,0.01492226,0.001297654,-0.0004640147,0.003529936,0.6618118,1.616287,-0.2908759,-0.03942952,0.045847510647422
0.4728451,-0.02063058,-0.01394617,0.0325979,-0.01614157,0.1302921,0.01485177,0.001306096,-0.0007869942,0.004022715,0.6618414,1.616276,-0.290801,-0.001978852,0.041021209329771
0.4831543,-0.05218804,-0.01088806,0.03288069,-0.01612045,0.1301039,0.01503514,0.001319776,-0.0008205735,0.004168036,0.6618595,1.616274,-0.2907329,-0.0301954,0.062636098587365
0.4950352,-0.01372898,0.001381579,0.001845099,-0.0160307,0.1300535,0.01506477,0.001118651,-0.0008232159,0.004504935,0.6618993,1.616262,-0.2906361,-0.0105023,0.013921131901953
0.5089211,-0.004331602,-0.03650911,0.006513503,-0.01595661,0.129872,0.01528855,0.0006166849,-0.0008321061,0.004793488,0.6618912,1.616257,-0.2905354,-0.03432721,0.037337694766729
0.5282464,-0.04086052,-0.01562242,-0.00804764,-0.01641552,0.1298048,0.0154941,-6.411248E-05,-0.001217776,0.004622306,0.6618719,1.616263,-0.2904993,-0.06453058,0.044479285741067
0.5387893,-0.01998626,-0.02002156,0.001211675,-0.01652171,0.129677,0.01543233,-0.0004476117,-0.001534216,0.004593034,0.66186,1.616221,-0.2904437,-0.03879615,0.028315751341433
0.5549579,-0.08108551,-0.09407873,0.01084475,-0.01594301,0.1295311,0.01536331,-0.0009509105,-0.002200604,0.004851357,0.6618052,1.616135,-0.290363,-0.1643195,0.124672679446309
0.5649686,-0.0586222,-0.05638439,-0.06946666,-0.01634284,0.1295571,0.01538613,-0.001256961,-0.002568075,0.004488102,0.6617696,1.616119,-0.2903417,-0.1844732,0.106964381968702
0.5807338,-0.05515115,0.02862221,-0.0189698,-0.01678238,0.1296298,0.01552885,-0.002255397,-0.002831797,0.003798519,0.6616917,1.616082,-0.2903489,-0.04549874,0.06496717510341
0.5946841,-0.004557494,-0.04788064,-0.02567595,-0.01679827,0.1295749,0.01531495,-0.002530922,-0.002885093,0.00343467,0.6616371,1.61601,-0.2903129,-0.07811408,0.054521377668027
0.6066647,-0.1121453,-0.0666476,-0.03527343,-0.01774864,0.1295014,0.01501887,-0.00319057,-0.003299283,0.002491058,0.6615756,1.615965,-0.2903454,-0.2140663,0.135139509493398
0.6238961,-0.1005664,0.08163549,-0.05452151,-0.01833584,0.1299782,0.01470284,-0.004170039,-0.004080452,0.002023101,0.6614883,1.615855,-0.2903402,-0.07345243,0.140536653060528
0.6403313,-0.07130883,0.1391984,0.02667845,-0.01741078,0.1301833,0.01428646,-0.005064304,-0.002030977,0.002385573,0.6613398,1.615872,-0.2902527,0.09456803,0.158659652256299
0.6499271,-0.07909559,0.09194136,0.03034732,-0.01707702,0.1303621,0.0142359,-0.005874008,-0.0005467258,0.002425127,0.6612258,1.615942,-0.2902144,0.04319309,0.125021138602531
0.662014,-0.0844842,0.05820172,0.01119375,-0.01693342,0.1305429,0.01399172,-0.00650301,0.0003793658,0.002583202,0.6610956,1.616021,-0.2901671,-0.01508873,0.103200392783509
0.6758351,0.007436617,-0.06059338,0.01043271,-0.01659917,0.1306231,0.01335725,-0.006303809,0.0008687637,0.00254923,0.6610167,1.616042,-0.2901136,-0.04272405,0.061933045829513
0.691968,-0.004294314,0.01971262,0.006127522,-0.01646236,0.1306881,0.01341229,-0.006322484,0.0009446246,0.002400453,0.6609385,1.61611,-0.2901311,0.02154583,0.021084951370216
0.7058387,-0.01066919,0.002613891,0.01107617,-0.015911,0.1309051,0.01341712,-0.006634244,0.001222735,0.002303382,0.66085,1.616137,-0.2901304,0.003020875,0.015599536330954
0.723371,-0.05484743,-0.01717897,0.005011087,-0.0155366,0.1309824,0.01350302,-0.007004793,0.00137815,0.00231529,0.6607161,1.616195,-0.2901176,-0.06701531,0.057692884255119
0.7315207,-0.07428033,-0.09940068,0.001619998,-0.01530894,0.1310072,0.01338766,-0.007241232,0.001158054,0.002217452,0.6605871,1.616207,-0.2900933,-0.172061,0.124099507272016
0.7480025,-0.0305738,-0.0203903,0.0008735815,-0.01539201,0.1313739,0.01310656,-0.007541094,0.0003727269,0.002165279,0.6604817,1.616205,-0.2900881,-0.05009051,0.036759819930782
0.7613716,0.1171452,-0.03628727,0.009179525,-0.01500899,0.1315607,0.01253601,-0.006914354,8.089864E-05,0.002185213,0.6604366,1.616184,-0.2900567,0.09003748,0.122979817577143
0.7733364,0.1355288,-0.05890665,0.0142681,-0.01487588,0.1313548,0.01213112,-0.006210647,-1.995009E-05,0.002457756,0.6603863,1.616199,-0.2900137,0.0908903,0.148464274884784
0.7876654,-0.002382102,-0.09155894,0.03950619,-0.01481795,0.1311423,0.01227116,-0.005245603,-0.0004534398,0.002583398,0.6603346,1.616211,-0.2899682,-0.05443486,0.099746943572672
0.8037796,0.06148745,-0.05320042,-0.003623705,-0.0153544,0.1312683,0.01223606,-0.004589482,-0.001260319,0.002591864,0.6603351,1.616215,-0.2899458,0.004663322,0.081388715303681
0.8172817,0.02690675,0.01307361,0.03555271,-0.01550209,0.1312096,0.01217336,-0.003889629,-0.001546507,0.002731903,0.6603193,1.616169,-0.289886,0.07553307,0.046463832141729
0.8295779,0.001572361,-0.0008985065,0.06563201,-0.01567101,0.1311117,0.0123305,-0.003417701,-0.00164033,0.00319882,0.660295,1.616145,-0.2898153,0.06630586,0.065656988279519
0.8434172,0.01246289,-0.08104979,0.02136138,-0.01643275,0.1310885,0.01255685,-0.002837167,-0.002143425,0.003334368,0.6602814,1.616131,-0.2897719,-0.04722553,0.084739015998342
0.8627791,0.06784302,-0.06862189,0.03013987,-0.01737951,0.1312103,0.01221248,-0.002026394,-0.003185557,0.00366625,0.6602979,1.616068,-0.2897152,0.029361,0.101094265206736
0.872756,0.1067669,-0.02237135,0.02695503,-0.01787909,0.1312922,0.01210788,-0.001324723,-0.003584207,0.00400117,0.660306,1.61602,-0.2896487,0.1113506,0.112366494373606
0.8848367,0.05299389,-0.02577069,0.02276529,-0.01822007,0.1311,0.01211587,-0.0007104572,-0.004065335,0.004492212,0.6603079,1.61595,-0.2895579,0.04998849,0.063172301429659
0.898797,0.02867076,-0.08869399,0.04454291,-0.01834178,0.1311974,0.01236163,-0.0005429132,-0.004605826,0.004910462,0.6603341,1.615857,-0.2894719,-0.01548032,0.103308796775571
0.9182625,0.02990398,-0.1618485,-0.0223714,-0.01930083,0.1311409,0.01247177,-0.0003605898,-0.006061307,0.004646756,0.6603453,1.61575,-0.2894451,-0.154316,0.16610141303311
0.9285946,0.01760532,-0.1119086,-0.04541707,-0.02029247,0.1311235,0.01248636,-3.442972E-05,-0.007198916,0.004197146,0.6603582,1.615621,-0.289429,-0.1397203,0.122049951739807
0.9405251,0.03871174,-0.008663782,-0.0266227,-0.02076031,0.1312522,0.01260935,0.0003252454,-0.008030638,0.003846784,0.6603832,1.615447,-0.2894014,0.003425262,0.047774764108966
0.9544802,0.02189387,0.05733593,-0.02120383,-0.02078859,0.1313411,0.01263985,0.0003689718,-0.007475656,0.003552062,0.6604002,1.615341,-0.2893633,0.05802596,0.064933451014538
0.9705944,-0.0008919281,0.1017652,-0.01390951,-0.02058893,0.1315086,0.01261137,0.0005453242,-0.006011549,0.003091907,0.6604207,1.61534,-0.2893499,0.08696372,0.10271523032686
0.9843211,0.04524381,0.08630159,-0.01709271,-0.02037742,0.1315707,0.0124834,0.001063081,-0.004446308,0.002836251,0.6604562,1.61537,-0.2893295,0.1144527,0.09892991798937
0.9962502,0.07597667,0.04485203,-0.03473987,-0.02034626,0.1315965,0.01254291,0.001608441,-0.003376866,0.002332488,0.6605,1.615391,-0.2893313,0.08608884,0.094820974758931
1.010016,0.03357549,0.05151781,-0.05976721,-0.02055659,0.1315014,0.01265104,0.00184127,-0.002576705,0.001784031,0.6605334,1.61543,-0.2893508,0.0253261,0.085752655201535
1.026215,0.04716382,-0.003835145,-0.04658478,-0.02083103,0.1314039,0.01278444,0.002581404,-0.001924821,0.0008517107,0.6605909,1.615447,-0.2893893,-0.003256101,0.066402378878478
1.039977,0.009430829,-0.008987246,-0.01916564,-0.02095031,0.1312913,0.01304831,0.002895626,-0.001748842,0.0003548239,0.6606441,1.61543,-0.2894099,-0.01872206,0.023173969187263
1.052048,0.01864135,0.02150353,-0.01928202,-0.02115,0.1313026,0.01307677,0.003267937,-0.001663843,-0.0001000985,0.6607227,1.615423,-0.289443,0.02086285,0.03437583373366
1.065659,0.08730441,0.03498698,-0.04592511,-0.02124705,0.1311699,0.01268073,0.00374472,-0.001639214,-8.496852E-05,0.6608217,1.615419,-0.2894565,0.07636628,0.104667395079004
1.085786,0.02987128,-0.02456571,0.0001303079,-0.02111318,0.1309035,0.01261669,0.004442769,-0.001137344,-2.65874E-05,0.6609178,1.615452,-0.2894666,0.005435876,0.038675368042846
1.095358,0.04759228,-0.04092535,-0.03402734,-0.02121126,0.1307485,0.01270523,0.004547657,-0.001155809,-0.0002224776,0.6609931,1.615432,-0.2894805,-0.0273604,0.071398662720896
1.107742,0.005157891,-0.02799392,-0.02442571,-0.02146434,0.1306128,0.01312113,0.004750911,-0.001772501,-0.0003986249,0.6610622,1.615398,-0.2895039,-0.04726174,0.03750837962741
1.121543,0.009017282,-0.04319314,0.01007585,-0.02154095,0.1303651,0.01299618,0.00502746,-0.001871759,-0.0006631431,0.661149,1.615338,-0.2895057,-0.02410001,0.04526015546927
1.141041,0.009645047,0.05149623,0.004644193,-0.02140905,0.1303018,0.01291439,0.005292523,-0.001512674,-0.0004467482,0.6612368,1.615362,-0.289492,0.06578547,0.052597117631888
1.151123,-0.0279623,0.0110779,0.02589637,-0.02140907,0.1302693,0.01297126,0.005357128,-0.000936207,-0.0004083219,0.6613092,1.61539,-0.2894933,0.009011965,0.039689193088825
1.163387,0.008559982,0.008889352,0.01075918,-0.02122561,0.1302626,0.01298936,0.005325172,-0.0007038781,-0.0002362157,0.6613741,1.615393,-0.2894865,0.02820852,0.016372351038571
1.177056,-0.01254522,0.007453971,0.009220805,-0.0210347,0.1303383,0.01322564,0.005206797,-0.0004561484,-7.961015E-05,0.6614327,1.615402,-0.2894782,0.004129559,0.01726173210574
1.193189,-0.03017831,0.007474684,0.02487651,-0.02097228,0.1304194,0.01344087,0.004900024,-0.0001492828,0.0002613917,0.6614807,1.615423,-0.2894455,0.002172884,0.039817615546971
1.207017,-0.01505052,0.02083597,0.02838516,-0.02084772,0.1305981,0.01370399,0.004751208,-6.981526E-05,0.0006206615,0.6615381,1.615435,-0.2894098,0.03417061,0.038293248539083
1.219246,0.009714101,0.005959907,0.02681522,-0.02073345,0.1306656,0.01387847,0.004559357,3.79245E-05,0.0009364687,0.6615875,1.615447,-0.289376,0.04248922,0.029136575226162
1.232706,0.03985936,0.003134097,0.01874017,-0.02067283,0.1305852,0.01393226,0.004465299,0.0002800786,0.001260551,0.661634,1.615471,-0.2893382,0.06173363,0.044156369407614
1.249171,-0.01915669,-0.02881631,0.007251098,-0.02065183,0.1303879,0.01411588,0.004687331,0.0001587794,0.001507765,0.6616797,1.615484,-0.2893034,-0.0407219,0.035354448406601
1.262523,0.02025397,-0.04174471,0.001085926,-0.02090275,0.130347,0.01424442,0.004709721,-3.637758E-05,0.001368076,0.6617537,1.615489,-0.289314,-0.02040482,0.046411457642409
1.274651,-0.001869131,-0.03023856,-0.01275743,-0.02109239,0.1301515,0.01440733,0.004740296,-0.0003641685,0.00121122,0.661808,1.61547,-0.2893157,-0.04486512,0.032872725036374
1.288496,-0.03481771,-0.03642289,-0.01136911,-0.02123124,0.1298555,0.01447026,0.004804007,-0.0008032523,0.001166099,0.661871,1.615446,-0.2893018,-0.08260971,0.051654196264521
1.308344,-0.0180245,-0.03102718,0.008513222,-0.02130879,0.1296892,0.01460621,0.004723154,-0.001261189,0.001090292,0.6619492,1.615422,-0.2892898,-0.04053846,0.036878766346342
2.109462,-0.02023076,-0.04492828,0.001812401,-0.01919326,0.1300379,0.01542448,0.0003164629,-0.0002180505,8.388888E-07,0.6620207,1.615725,-0.2898152,-0.06334663,0.049306370295738
2.124104,-0.01468611,-0.02072318,-0.006491072,-0.01918949,0.1300723,0.01540471,-4.411755E-05,-0.0005336946,0.0001257627,0.6620128,1.61571,-0.2898066,-0.04190036,0.026215760476548
2.143336,0.009083848,-0.01553575,-0.01499072,-0.01920945,0.1302442,0.01544571,-0.0002773434,-0.0008322166,0.0001362831,0.6620162,1.615695,-0.289802,-0.02144263,0.023422164383121
2.153395,-0.006968528,0.01203618,-0.01476724,-0.01931603,0.1302806,0.01540786,-0.0003660315,-0.0006985976,2.926072E-05,0.6620188,1.615702,-0.2898182,-0.009699591,0.020285495286213
2.165597,-0.006066211,0.008503842,-0.01586749,-0.0192464,0.1303526,0.01535063,-0.0004232425,-0.001035168,7.481322E-05,0.6620238,1.615681,-0.2898303,-0.01342986,0.018997144443697
2.179853,0.01542835,-0.02192362,0.01626682,-0.01938014,0.1303287,0.01525118,-0.0007017043,-0.0009124937,-1.166282E-05,0.6620145,1.615687,-0.2898495,0.009771547,0.031357433081237
2.199137,-0.01215193,-0.007460292,0.009128005,-0.01943683,0.1304304,0.01518588,-0.0005785715,-0.00074079,0.000126804,0.6620333,1.615693,-0.289822,-0.01048422,0.016930618927657
2.208975,-0.04856569,0.01437042,0.02675781,-0.01942631,0.1305059,0.01515848,-0.000602923,-0.0005164533,0.0002639708,0.6620345,1.6157,-0.2897995,-0.007437464,0.057281021655503
2.221038,-0.01944182,0.03214202,0.01692176,-0.01927353,0.1305526,0.01518178,-0.0009556279,-0.0003739135,0.0004285981,0.6620069,1.615705,-0.2897979,0.02962196,0.041199996765772
2.235478,-0.04042795,0.01118154,0.0143676,-0.01908992,0.1307454,0.01528679,-0.00136224,-5.149492E-05,0.00048626,0.6619718,1.615724,-0.2898083,-0.01487881,0.044338175400589
2.254913,-0.03850657,-0.126155,0.002985308,-0.01905602,0.1312998,0.01561824,-0.002093935,-0.0008756061,0.0004594742,0.6619205,1.615684,-0.2898143,-0.1616762,0.131934626161244
2.26455,0.01720432,-0.1521727,-0.004811962,-0.01951316,0.1317793,0.01573459,-0.002355753,-0.001849827,0.0003323483,0.6618927,1.615635,-0.2898247,-0.1397804,0.153217763686155
2.276551,-0.007168302,-0.1400572,-0.01662092,-0.02040661,0.1320783,0.01584389,-0.00287081,-0.003502997,0.000317419,0.6618111,1.615517,-0.289818,-0.1638464,0.141222026202557
2.29104,-0.05029112,-0.04050345,0.01930336,-0.02104847,0.132268,0.01602626,-0.003397635,-0.004862798,0.0005956836,0.661721,1.615357,-0.2897848,-0.07149121,0.067396927912222
2.310255,0.01215054,0.098194,0.0613535,-0.02116757,0.1322988,0.01594106,-0.003540658,-0.004895554,0.001766368,0.6616683,1.615247,-0.2896948,0.171698,0.116421434365273
2.320338,-0.003886042,0.01183695,0.07443855,-0.0211804,0.1322899,0.01582976,-0.003278418,-0.004429175,0.002455433,0.6616316,1.615194,-0.2896279,0.08238946,0.075473919033249
2.332231,0.05315825,-0.01445819,0.05075081,-0.02136864,0.1322856,0.01569939,-0.002925915,-0.004205124,0.00321954,0.6616313,1.615174,-0.2895684,0.08945087,0.07490316212461
2.347092,0.06174541,-0.03355373,0.05667248,-0.02146426,0.1319077,0.01571518,-0.0025982,-0.00412701,0.004085364,0.6616056,1.615134,-0.2894818,0.08486415,0.090278005701095
2.366183,-0.0005111266,0.02066025,0.04305016,-0.02162601,0.1312907,0.01563455,-0.002111163,-0.004186125,0.00499329,0.6615858,1.615074,-0.2893811,0.06319928,0.047753780732865
2.377316,0.02206384,0.004025841,0.03937561,-0.02182522,0.1310472,0.01551973,-0.001807574,-0.00383904,0.005361538,0.6615918,1.615026,-0.2892982,0.06546529,0.045315108652289
2.389089,-0.01209254,0.03317703,0.0202173,-0.02198786,0.1306586,0.01553628,-0.001692814,-0.003589423,0.005733821,0.6615596,1.615004,-0.2892051,0.04130179,0.040690099258716
2.403381,-0.04036302,-0.02074027,0.01853317,-0.02216504,0.1303768,0.01566114,-0.001611108,-0.00332959,0.005866472,0.6615343,1.614973,-0.2891198,-0.04257012,0.049018467821829
2.424258,0.0151631,0.02615854,-0.03157191,-0.02245682,0.1303122,0.01558296,-0.001580358,-0.002827298,0.00561,0.6615493,1.614973,-0.2890607,0.009749729,0.043714687638897
2.433236,-0.01109066,-0.001891733,-0.0357553,-0.02268586,0.130161,0.01543951,-0.001456366,-0.002549934,0.005272948,0.6615462,1.61495,-0.2889962,-0.04873769,0.037483630378634
2.444539,-0.01473458,0.01370696,-0.06225706,-0.02280937,0.1301253,0.01544444,-0.001288977,-0.002773175,0.004811205,0.6615458,1.614912,-0.2889516,-0.06328468,0.065428813279309
2.459548,-0.05764161,-0.01083229,-0.05704849,-0.02285675,0.1299728,0.01552629,-0.001429941,-0.002458592,0.004008382,0.6615045,1.614895,-0.2889234,-0.1255224,0.081819458176827
2.480132,0.0261307,0.03294709,-0.04677759,-0.02271387,0.1302095,0.01554962,-0.001407312,-0.001861878,0.002812602,0.6615171,1.614913,-0.2889414,0.0123002,0.062900453874976
2.489378,-0.0001152018,0.01426164,-0.04450674,-0.02273732,0.1301137,0.01549238,-0.001171933,-0.001588523,0.002284918,0.6615195,1.614928,-0.2889463,-0.03036029,0.046736038865151
2.500767,-0.00488643,0.02573023,-0.03095211,-0.02254487,0.1301752,0.01544812,-0.0007883334,-0.001075894,0.001681542,0.6615527,1.614952,-0.2889653,-0.0101083,0.040545715638458
2.514737,0.03840916,0.02132881,-0.0256105,-0.02219118,0.1301599,0.01540269,-0.0006643406,-0.0005914658,0.001233055,0.6615703,1.614983,-0.2889841,0.03412747,0.050853507498375
2.535421,0.01391201,0.01806989,-0.0159181,-0.0216873,0.1302366,0.01545319,-0.0005575697,0.0002712477,0.0005977814,0.6615579,1.61504,-0.2890195,0.0160638,0.02781098891686
2.544586,-0.001159559,0.005965797,-0.0188432,-0.02148541,0.1301893,0.01549164,-0.0005849015,0.0005724812,0.000382705,0.661536,1.615075,-0.2890311,-0.01403696,0.019799029579578
2.556143,-0.001089425,0.01734249,-0.005337155,-0.02131449,0.1302572,0.01553481,-0.0004509563,0.0008905927,0.0002187132,0.6615601,1.615119,-0.2890405,0.01091591,0.018177845484428
2.570443,-0.03457628,-0.01441753,0.005884823,-0.02114775,0.130315,0.01546845,-0.0001673865,0.0009026259,0.000123096,0.6615856,1.615138,-0.2890396,-0.04310898,0.037921172955652
2.590742,-4.406553E-05,-0.03149329,-0.02390944,-0.02128151,0.1303463,0.01532543,-0.0002269819,0.0004829039,-0.0002298283,0.6615884,1.615144,-0.2890664,-0.05544679,0.039540996891614
2.599862,0.02603263,-0.0620288,-0.01005511,-0.02134394,0.1303653,0.01530089,-0.0003754997,0.0002291228,-0.0003681269,0.6615713,1.615144,-0.2890826,-0.04605127,0.068017459083471
2.611757,0.001673803,-0.09361104,0.02273347,-0.02151608,0.1304914,0.01520722,-0.0002416731,-0.0003913739,-0.000604743,0.6615682,1.61512,-0.2891099,-0.06920376,0.096346453196224
2.626267,0.03627456,-0.02872409,0.001981686,-0.02169897,0.1305004,0.01506484,-0.0003028971,-0.001284229,-0.0002774089,0.6615536,1.615054,-0.2890766,0.009532162,0.046312463059368
2.646515,0.05913927,-0.1143337,0.0339317,-0.02186524,0.1304895,0.01486325,0.0001102319,-0.002299398,0.0005404403,0.6615682,1.61497,-0.2890036,-0.02126272,0.133120268067219
2.655546,0.02114846,-0.09289572,0.009804417,-0.02208782,0.1304072,0.01497698,0.0003035245,-0.002959827,0.0007523672,0.6615818,1.614905,-0.2889664,-0.06194284,0.09577576944064
2.667428,0.008776031,-0.06835401,0.0151927,-0.02290514,0.1300996,0.01513118,0.000684717,-0.003802727,0.000847712,0.6615875,1.614856,-0.2889346,-0.04438528,0.070569877311666
2.681936,0.02178648,-0.03764685,0.01618974,-0.0233891,0.1300163,0.01518648,0.0009796912,-0.004795709,0.001220097,0.6616304,1.614737,-0.2888762,0.0003293678,0.046411678606833
2.702028,0.00153614,0.01766847,0.05983792,-0.02363355,0.129827,0.01507094,0.001264325,-0.005350959,0.001992905,0.661653,1.614641,-0.2888039,0.07904253,0.062410822688493
2.711424,0.008673755,0.02508781,0.02326862,-0.02390622,0.1295821,0.01503003,0.001144367,-0.005329784,0.002503835,0.6616638,1.614583,-0.2887474,0.05703018,0.035299585918414
2.72325,0.03815918,-0.05058945,0.0345969,-0.02406308,0.1293669,0.01490833,0.001548403,-0.005444638,0.002910704,0.6617198,1.614478,-0.2886745,0.02216662,0.072196679398101
2.737362,0.0426348,-0.05175975,0.02177508,-0.02439225,0.1290734,0.01488691,0.001797154,-0.005713336,0.003377913,0.6617641,1.614388,-0.2885993,0.01265013,0.070504974467745
2.757701,-0.003208271,0.04657919,0.01474172,-0.02466265,0.1287191,0.01507778,0.001833322,-0.005648056,0.003939299,0.6617892,1.614334,-0.2885282,0.05811263,0.048961533393801
2.76695,-0.05958924,0.03300838,0.03368264,-0.02474024,0.1283177,0.01519577,0.001493683,-0.005271814,0.004248193,0.6617789,1.614276,-0.2884535,0.007101782,0.075993103942444
2.778693,-0.01493729,0.06425015,0.0234924,-0.0246443,0.128159,0.01538075,0.00112845,-0.004688855,0.004614532,0.661792,1.614247,-0.2883832,0.07280526,0.070022119276505
2.793174,-0.06506524,0.08289248,-0.002229074,-0.02446902,0.1278719,0.01541506,0.0008700512,-0.003793174,0.004862112,0.6617763,1.614273,-0.2883148,0.01559817,0.10540217548219
2.813673,-0.07867365,0.06363414,0.01485646,-0.02420024,0.1276043,0.01535682,8.277164E-05,-0.002269092,0.004846024,0.6617348,1.61435,-0.2882645,-0.000183044,0.102271995221884
2.822825,-0.01965443,0.07519359,-0.02119759,-0.02401057,0.1273984,0.01520105,-0.000350751,-0.001486345,0.004852647,0.6617293,1.614374,-0.2881996,0.03434157,0.080558739635035
2.834671,-0.04951174,0.04969747,0.005620474,-0.02360812,0.1272737,0.01520367,-0.0007835348,-0.0007526332,0.004821742,0.6617048,1.614409,-0.2881318,0.005806202,0.070376417114804
2.849828,-0.02233278,-0.02303972,-0.01594223,-0.02340341,0.1272047,0.01495053,-0.001312364,0.0001433164,0.004372733,0.6616714,1.614478,-0.2881065,-0.06131472,0.035829265261267
2.869158,-0.04927012,-0.03283006,-0.008229142,-0.02321458,0.1271586,0.0147628,-0.002004744,0.000301959,0.00360493,0.6616094,1.614544,-0.2881501,-0.09032932,0.059775213445283
2.880471,-0.03835476,-0.03200319,-0.01881204,-0.02302005,0.1271992,0.01478257,-0.002449055,0.0004184446,0.003043973,0.6615617,1.614575,-0.2881594,-0.08916999,0.053377754727287
2.889939,-0.0439771,-0.01950394,-0.04457266,-0.02298754,0.1272818,0.01483313,-0.003027093,0.0002871174,0.002637385,0.6615074,1.6146,-0.2881598,-0.1080537,0.065582853089868
2.904832,-0.0207222,0.07230293,-0.08484963,-0.0229621,0.127314,0.01475563,-0.003645759,0.0003384483,0.001830658,0.6614122,1.61461,-0.2881781,-0.0332689,0.113386870120875
2.925039,-0.04604837,0.008372601,-0.02720306,-0.0227848,0.1278121,0.01452338,-0.00473148,0.0007583353,0.001342936,0.6613164,1.614638,-0.2881855,-0.06487883,0.054134638922159
2.9343,-0.05461681,0.03140148,-0.01815297,-0.02268844,0.1279839,0.0142419,-0.005220741,0.001108536,0.001324787,0.6612229,1.614681,-0.2881696,-0.04136829,0.065563546731463
2.945824,-0.03467845,-0.04135823,0.0209928,-0.02236158,0.12823,0.01404417,-0.005760955,0.001324967,0.001526672,0.6611116,1.614699,-0.2881288,-0.05504388,0.057911966183446
2.960537,-0.01618348,0.008272889,0.01586864,-0.02228477,0.1285364,0.01380221,-0.006136463,0.001280049,0.001680622,0.6610224,1.614759,-0.288102,0.007958042,0.024127982135514
2.980595,-0.02522432,-0.07949533,-0.04707795,-0.02232628,0.128688,0.01356559,-0.00632229,0.0005819213,0.001712146,0.6609325,1.614768,-0.2880704,-0.1517976,0.095771113540978
2.989745,0.003326052,-0.1271168,-0.02209544,-0.02262729,0.1287899,0.01324287,-0.006230575,0.0001017587,0.001393024,0.6608462,1.614757,-0.2880585,-0.1458862,0.129065702802079
3.00144,0.01944678,-0.1110048,-0.02502387,-0.02312578,0.1289764,0.01329193,-0.006095939,-0.0009931768,0.0008712364,0.6607628,1.614704,-0.2880647,-0.1165819,0.115440166368659
3.016044,0.02501394,-0.04779998,-0.02443084,-0.02340713,0.1290622,0.01311658,-0.005865691,-0.001961082,0.0004208877,0.6607037,1.614611,-0.2880688,-0.04721688,0.059223313629141
3.036225,0.03249003,0.008889045,-0.009440143,-0.02342859,0.1291091,0.01298141,-0.005049942,-0.00191487,0.0001444103,0.6607182,1.61457,-0.2880867,0.03193894,0.034981905250867
3.045577,0.02259654,0.01147478,0.0314967,-0.02332172,0.1291453,0.01287464,-0.004653436,-0.00174162,0.0001922328,0.6606812,1.614544,-0.2880808,0.06556803,0.040426680348586
3.057233,0.03747033,0.02182037,3.586058E-05,-0.02316868,0.1291742,0.01284452,-0.004181724,-0.001335707,0.0003051993,0.6606443,1.614559,-0.2880782,0.05932656,0.043360757809649
3.07172,0.04611829,0.0234377,0.008359933,-0.02315557,0.1291423,0.01278876,-0.003544871,-0.0007305596,0.0002829898,0.6606369,1.61462,-0.2880976,0.07791592,0.05240334510645
3.092017,0.05925021,0.0632598,-0.009363886,-0.02262935,0.1289125,0.01304264,-0.002684403,0.0007172253,0.0001961144,0.6606364,1.614711,-0.2881077,0.1131461,0.087178396236925
3.10116,0.02998188,0.007861562,-0.0001755096,-0.0219828,0.1286997,0.01326909,-0.00241458,0.001156695,0.0001677279,0.660594,1.614724,-0.2880941,0.03766794,0.030995939808821
4.909302,-0.006102181,0.01254148,0.001876583,-0.02130787,0.1284959,0.01470597,-0.001283654,-0.001827161,-0.002178217,0.6620057,1.614954,-0.288398,0.008315885,0.014072916477101
4.929865,0.01074598,0.01642574,0.03348099,-0.02093649,0.1289444,0.01478303,-0.001387185,-0.001534073,-0.001896657,0.6619985,1.614927,-0.2884236,0.06065271,0.038810538461984
4.938883,0.0476994,0.04587771,-0.006160834,-0.02100504,0.1293104,0.01486964,-0.001467589,-0.001109788,-0.001817337,0.6619999,1.614939,-0.2884639,0.08741628,0.066467685349402
4.950491,-0.02987629,0.0571956,0.01942191,-0.02083254,0.1293976,0.01498267,-0.001197536,-0.0006141734,-0.001712338,0.6619625,1.614954,-0.2884772,0.04674122,0.067387979706799
4.96498,-0.03622463,0.02908365,0.0682532,-0.02045632,0.1295083,0.01515105,-0.001139208,0.0002952529,-0.001178582,0.6619406,1.615007,-0.2884597,0.06111222,0.082562593087273
4.985466,0.01606019,0.04452832,0.04321975,-0.02022604,0.1296565,0.01516131,-0.0007007355,0.0014901,-0.0002429293,0.6619639,1.615116,-0.2884324,0.1038083,0.06409873520741
4.995194,0.002362648,0.04514854,0.02510875,-0.02019837,0.1296275,0.01519258,-0.0005043183,0.001881216,0.0001972142,0.6619549,1.615184,-0.2884218,0.07261994,0.051714816289496
5.006211,0.02447214,-0.04587412,0.05229847,-0.02014107,0.1295873,0.01501951,6.085713E-05,0.002100386,0.0004108656,0.6619766,1.615214,-0.2884062,0.03089649,0.0737458445689
5.020825,0.0004908713,-0.08712673,0.03446237,-0.02011169,0.1295499,0.01505054,0.0002588292,0.00115253,0.000857979,0.662015,1.615194,-0.2883822,-0.05217349,0.093696122149824
5.041207,0.05800281,-0.04475828,0.03513075,-0.02037316,0.1293201,0.01476273,0.0008885019,-0.0001214686,0.001613685,0.6620746,1.61514,-0.2883214,0.04837528,0.081251454103191
5.050519,0.04586563,-0.07645405,0.02794012,-0.02037053,0.1292542,0.01459837,0.001203308,-0.0005901154,0.001940956,0.6621065,1.61511,-0.2882782,-0.002648294,0.093431946823909
5.067138,0.03612502,-0.04339141,0.01305346,-0.02072705,0.1290878,0.01503507,0.001352739,-0.001213611,0.002075884,0.662128,1.615062,-0.2882375,0.005787065,0.057950189531436
5.076476,0.02405566,-0.05979145,-0.007007865,-0.02091315,0.128968,0.0151531,0.001487654,-0.001852716,0.002187532,0.6621525,1.615003,-0.2881996,-0.04274366,0.064829027571528
5.092657,0.01350753,-0.007464055,0.009941838,-0.02134524,0.128732,0.01513773,0.001711127,-0.002499249,0.00231744,0.6621792,1.614943,-0.2881735,0.01598532,0.018357716347521
5.106697,-0.01365463,0.0429341,0.01775457,-0.02144423,0.1286074,0.0151834,0.001749188,-0.002335776,0.00262103,0.6622012,1.61491,-0.2881284,0.04703405,0.048425311538985
5.117732,-0.02488377,0.06001955,0.03397259,-0.02132933,0.1284221,0.01519707,0.001806437,-0.002027494,0.003147598,0.6622195,1.614892,-0.2880488,0.06910837,0.073319070357948
5.132414,-0.03840529,0.01949354,0.04034643,-0.02108217,0.1282455,0.01529904,0.00178149,-0.001313329,0.003880213,0.6622484,1.614903,-0.2879308,0.02143467,0.059015238976568
5.148545,-0.02169666,-0.02946066,0.038925,-0.02117889,0.1281903,0.01527774,0.00216859,-0.0006705459,0.004172251,0.6623135,1.614956,-0.287848,-0.01223232,0.053421259660225
5.161842,0.03620468,-0.01807232,-0.0408331,-0.02128142,0.1280103,0.01525651,0.002257743,-0.0006094968,0.004238016,0.6623662,1.614981,-0.287784,-0.02270073,0.057486780335681
5.178353,0.001687425,0.007077477,-0.03135264,-0.02151215,0.1278689,0.01543816,0.002297321,-0.0009043607,0.004022987,0.6624115,1.614991,-0.287738,-0.02258774,0.032185809092407
5.188104,-0.01512548,-0.0003758837,-0.02642936,-0.02157558,0.1277128,0.01564183,0.002373247,-0.0008442253,0.003843705,0.6624343,1.614975,-0.2876894,-0.04193073,0.030453780389131
5.204247,0.009874416,0.02629849,-0.01786143,-0.02147731,0.127588,0.01593579,0.002432967,-0.0005696354,0.003599419,0.6624711,1.614979,-0.2876529,0.01831147,0.033288816386378
5.217522,-0.0143196,0.01377165,-0.008900093,-0.02130626,0.1273832,0.01628814,0.002210403,-0.0003873337,0.003493094,0.6624861,1.61499,-0.2876101,-0.009448042,0.021769722927688
5.234179,0.02668424,-0.04257036,-0.01724109,-0.02123554,0.1271235,0.01627912,0.002026647,-0.0003273514,0.003020419,0.6625111,1.614997,-0.28759,-0.03312721,0.053118165634082
5.243458,-0.02383366,-0.002596076,-0.001695624,-0.02101836,0.1268908,0.01632453,0.002002385,-0.0005157465,0.002927766,0.6625316,1.61498,-0.2875494,-0.02812536,0.024034521196117
5.259608,-0.02902574,0.0897986,0.007356192,-0.02019361,0.1266824,0.01646266,0.001617471,-8.346687E-05,0.003244086,0.6625326,1.614988,-0.2874723,0.06812905,0.094659366459793
5.273883,-0.03233731,-0.05131857,-0.01995509,-0.01984505,0.1265951,0.01656965,0.001061359,0.0003841019,0.002974732,0.6625404,1.615049,-0.2874493,-0.103611,0.063855332572454
5.284788,-0.01457192,-0.1891815,-0.08027764,-0.02001104,0.1264743,0.01644559,0.001050408,-0.0004168431,0.002159935,0.6625531,1.615031,-0.2874688,-0.2840311,0.20602543027065
5.299495,-0.05832652,-0.2114233,-0.06817561,-0.02104855,0.1264272,0.01642231,0.0007447901,-0.002388952,0.0006387323,0.6625683,1.614966,-0.2875798,-0.3379254,0.229673026504719
5.319552,-0.04241911,0.06117811,-0.001247008,-0.02168992,0.1269106,0.01595179,0.0001869054,-0.00371792,-0.0008631331,0.6625655,1.614811,-0.287666,0.017512,0.074456005622017
5.328662,0.01011289,0.1389494,-0.03367476,-0.02151633,0.1270581,0.01579086,7.353675E-05,-0.002965393,-0.0007878343,0.6625564,1.614781,-0.2876562,0.1153875,0.143328942984216
5.345516,-0.09806944,0.06431586,0.04018618,-0.02117369,0.1271082,0.01595451,-0.001300392,-0.001144286,-0.0004068498,0.6624422,1.614869,-0.2876289,0.006432597,0.123972073588764
5.354858,-0.0313395,0.1225301,0.01313785,-0.02117577,0.1274382,0.01582637,-0.001736465,-8.537783E-05,-0.0003206464,0.6623988,1.614923,-0.287635,0.1043284,0.127154955842852
5.371104,0.01404751,0.2004805,0.07429028,-0.02029327,0.1275731,0.01541893,-0.002291111,0.002051448,0.0005523073,0.6623402,1.615018,-0.287578,0.2888183,0.214263386563142
5.384833,-0.03963637,0.09124194,0.09838728,-0.01861862,0.1273259,0.01518837,-0.002347526,0.004066811,0.001989517,0.6622803,1.615135,-0.2874583,0.1499929,0.139914940126213
5.401205,0.0001820246,-0.09573199,-0.00464199,-0.01829356,0.1273581,0.01480101,-0.002578418,0.005186267,0.002531864,0.6622674,1.61534,-0.2874199,-0.100192,0.095844639041583
5.410367,-0.01851079,-0.21463,-0.01714478,-0.01850842,0.1273085,0.01472212,-0.002706406,0.004254309,0.002253712,0.6622138,1.615409,-0.2874117,-0.2502855,0.216107875468118
5.426664,0.0002353583,-0.2020393,-0.06597865,-0.01969078,0.1274287,0.01466018,-0.002715837,0.001036286,0.001178768,0.6621857,1.615303,-0.2874716,-0.2677826,0.212539656081545
5.440262,0.01070446,-0.07122263,-0.07841228,-0.02045254,0.1276581,0.01471694,-0.002756939,-0.001700192,0.0004268318,0.6621568,1.615134,-0.2875089,-0.1389305,0.106469406493471
5.451678,-0.0160936,-0.000323534,-0.0008803641,-0.02062778,0.1278506,0.0145393,-0.002732361,-0.002699385,0.0002430023,0.6621172,1.614997,-0.2875038,-0.0172975,0.016120910443767
5.466227,0.002774255,0.06384523,0.03092509,-0.02040698,0.1280305,0.0145055,-0.002986259,-0.002716737,0.0009041096,0.6620584,1.614911,-0.2874534,0.09754458,0.070994869066334
5.486722,0.0120581,-0.1078773,0.04635372,-0.02012896,0.1281669,0.01465735,-0.003082579,-0.002099204,0.002255631,0.6619985,1.614906,-0.2873442,-0.04946549,0.118032114514595
5.495712,-0.001251643,-0.05580446,0.02971163,-0.02080677,0.1281536,0.0146548,-0.003079737,-0.002345921,0.002458288,0.6619375,1.614921,-0.287303,-0.02734448,0.06323358022436
5.512452,0.05210297,-0.1303523,-0.02177408,-0.02159452,0.1282572,0.01433708,-0.002659451,-0.00400354,0.002430007,0.6619284,1.614789,-0.2872452,-0.1000235,0.142058315602858
5.521953,0.04291341,-0.06513967,-0.006525673,-0.02228531,0.1282548,0.01414431,-0.002268451,-0.004932355,0.002373175,0.6619103,1.61469,-0.2872211,-0.02875193,0.078277208355426
5.538075,0.05594644,0.03858043,0.05646499,-0.02268365,0.1282112,0.01388916,-0.001877456,-0.005422994,0.003019452,0.6618941,1.614577,-0.2871427,0.1509919,0.088355802465154
5.551943,0.03334648,0.06490164,0.05927939,-0.02262346,0.1280142,0.01393424,-0.001589203,-0.004973174,0.004035791,0.6618636,1.614522,-0.2870341,0.1575275,0.09401200216575
5.563258,0.03807984,0.01872397,0.06992514,-0.02260053,0.1280655,0.01392067,-0.001107343,-0.004488539,0.004967073,0.66188,1.614485,-0.2869312,0.126729,0.081793564770704
5.577537,0.01295103,-0.06363931,0.05852681,-0.02271865,0.1278787,0.01405799,-0.0006039741,-0.004225105,0.005571845,0.661885,1.614453,-0.2868342,0.007838534,0.087424696466553
5.598662,-0.005305289,-0.01914012,-0.02760956,-0.02366932,0.1276768,0.01468478,-0.000140681,-0.004495209,0.005542052,0.6618848,1.614441,-0.2867783,-0.05205498,0.034011443546878
5.607593,0.05170834,-0.00628446,-0.03597516,-0.02446547,0.1277478,0.01478154,0.0002172886,-0.004794009,0.005389388,0.6619248,1.614378,-0.2867259,0.009448726,0.063304496908996
5.624175,0.03707305,-0.006648645,-0.04527989,-0.02514582,0.127542,0.01462183,0.0003137892,-0.005271041,0.004933077,0.6619365,1.614262,-0.2866811,-0.01485548,0.058897231647235
5.6338,0.03906491,-0.01437174,-0.004777797,-0.02560876,0.1274092,0.01447067,0.0006504295,-0.005391872,0.004735948,0.6619563,1.614165,-0.2866233,0.01991537,0.041897984573188
5.649385,0.05747851,-0.02323655,-0.01838607,-0.02586355,0.1272366,0.01423916,0.001147166,-0.005499179,0.004477467,0.6619997,1.614064,-0.2865715,0.01585589,0.064666558508671
5.663087,0.01980543,-0.01749812,-0.01793669,-0.02598051,0.1270992,0.01432901,0.001302726,-0.005646181,0.00432167,0.6620145,1.613986,-0.2865097,-0.01562938,0.031940010104436
5.674665,0.02731153,-0.04717281,-0.03425714,-0.02639597,0.1270385,0.0141943,0.001412218,-0.005901401,0.003908773,0.6620433,1.613905,-0.2864735,-0.05411842,0.064379696255683
5.689113,0.001292212,-0.03153221,-0.04438832,-0.02675963,0.1269383,0.01419338,0.001574279,-0.006375429,0.003361203,0.6620662,1.613803,-0.2864694,-0.07462832,0.054463498669218
5.709619,-0.003224982,0.04279456,-0.02869874,-0.0273555,0.1268864,0.01414484,0.001738559,-0.006504946,0.002175332,0.6621058,1.613717,-0.2865345,0.01087084,0.051627443623386
5.718803,-0.000277211,0.1405733,-0.03818128,-0.02742121,0.1270212,0.01435196,0.001787265,-0.006120523,0.001993973,0.6621385,1.613644,-0.2865211,0.1021148,0.145666572864915
5.735318,-0.05237238,0.1091637,0.04649271,-0.02680536,0.1269785,0.01442925,0.001484017,-0.004399812,0.00226123,0.662138,1.61364,-0.2864718,0.103284,0.129696378346794
5.744687,-0.02135905,0.1128022,-0.01561652,-0.02693475,0.1270452,0.01449512,0.001313577,-0.003043329,0.002321053,0.6621552,1.6137,-0.2864537,0.07582666,0.11586383290182
5.760885,-0.02861366,0.08934193,0.01738721,-0.02639216,0.1272617,0.01467857,0.000885676,-0.001420055,0.002615564,0.6621594,1.613777,-0.2864004,0.07811549,0.095409838512315
5.774318,0.04100021,0.05421111,-0.01230442,-0.0262494,0.1273421,0.01467708,0.0009805181,-0.0003067157,0.002628014,0.6621883,1.613839,-0.2863613,0.0829069,0.069074313794656
5.790918,0.05944118,-0.01853163,-0.0452789,-0.02605597,0.1274024,0.01451486,0.001635222,1.462997E-05,0.002390923,0.6622479,1.613878,-0.2863612,-0.004369346,0.076986061460372
5.800198,0.002517702,-0.02793723,-0.01774848,-0.02606963,0.127384,0.01444459,0.001951137,-0.0001588213,0.002164601,0.6622918,1.613882,-0.2863576,-0.04316801,0.033193916867155
5.816597,-0.0206674,0.01445913,-0.05881713,-0.02630609,0.127446,0.01470051,0.002109345,-0.0002405785,0.001220145,0.6623309,1.613896,-0.2864104,-0.0650254,0.063997363068414
5.829938,-0.02642624,0.01332269,-0.009345966,-0.02631281,0.1276788,0.01496388,0.001977507,1.790153E-05,0.0006870985,0.6623473,1.613918,-0.2864282,-0.02244952,0.031035264126969
5.846772,0.06399088,-0.03066571,-0.06872647,-0.02622035,0.1278989,0.01494729,0.002029636,0.0002745495,0.0001070068,0.6623724,1.613945,-0.2864535,-0.0354013,0.098785357118892
5.856025,0.06429835,-0.01333084,-0.06461052,-0.02632732,0.1280823,0.0149363,0.002209841,0.0001765843,-0.0003766832,0.6624124,1.613947,-0.2864809,-0.01364301,0.092122243606069
5.8722,0.02961537,-0.07528326,-0.002581918,-0.02646945,0.1282147,0.01486011,0.002578144,-0.0007336927,-0.0008982489,0.6624672,1.613898,-0.2865159,-0.04824981,0.080940134421824
5.885746,0.07175647,0.01115699,-0.02248447,-0.02652704,0.1282037,0.01498845,0.003053381,-0.0008990073,-0.001106421,0.6625345,1.613884,-0.2865457,0.06042898,0.076019869941486
5.90259,0.02958565,-0.05392684,0.01527315,-0.02660973,0.1278867,0.0151455,0.00362122,-0.0008335999,-0.001090475,0.6626165,1.613886,-0.2865717,-0.009068036,0.063377315107808
