0.9083467,0.04941022,-0.07421293,0.008199765,-0.08267681,0.03591812,-0.03930103,-0.0003779267,-0.004868424,0.003029232,0.04958016,1.820427,0.02296919,-0.01660295,0.089533037417934
0.9222178,0.009534408,0.0008254871,0.003385992,-0.08321147,0.03593206,-0.0387825,-0.0003632435,-0.004746171,0.003304352,0.04954627,1.820413,0.02303606,0.01374589,0.010151419195133
0.9335847,0.01706098,0.0009137504,0.02193752,-0.0834202,0.03587094,-0.03844308,-0.0005754124,-0.004579189,0.003716906,0.04953456,1.820361,0.02310413,0.03991225,0.027805874831976
0.9510531,0.02909821,0.05538547,-0.005085345,-0.08379209,0.03595966,-0.03842458,-0.0003358638,-0.004210321,0.003886805,0.04956427,1.820341,0.02314919,0.07939833,0.062770348402313
0.9676285,-0.009505685,0.007596955,0.007429189,-0.08377492,0.03591247,-0.03844395,-0.0001382478,-0.003417027,0.003837535,0.04952854,1.820346,0.0232178,0.005520458,0.014257090375246
0.9773045,-0.01159965,0.03224207,0.01442642,-0.08384065,0.03577,-0.0382981,-0.0002696057,-0.002951342,0.003965509,0.04947796,1.820347,0.02329105,0.03506885,0.037178284638319
0.9894738,0.03559469,0.03153439,-0.01019912,-0.08377475,0.03599542,-0.03830216,5.970185E-06,-0.002387642,0.003896168,0.04950881,1.820355,0.02333421,0.05692996,0.048635607489845
1.00311,-0.00286991,0.0150642,0.02409056,-0.08379086,0.03587257,-0.03829839,0.0001751036,-0.001614338,0.004011207,0.04952183,1.820409,0.02338833,0.03628486,0.028557342990207
1.023357,0.02663872,0.01752757,-0.02858307,-0.08362634,0.03565507,-0.03854284,0.000613605,-0.001140715,0.003956574,0.04956165,1.820436,0.02343702,0.01558322,0.042823233200479
1.032764,0.004580371,0.01917207,-0.01119292,-0.08368258,0.03562474,-0.0387161,0.0008545152,-0.0008549287,0.003830572,0.04957455,1.820437,0.02348971,0.01255953,0.022667810210675
1.045101,-0.03092192,0.01208453,-0.003247339,-0.08359922,0.03550757,-0.03908162,0.0007619336,-0.0008938517,0.003909247,0.04956588,1.820418,0.02355671,-0.02208474,0.033357852487343
1.062417,0.05157519,-0.01980148,-0.05476119,-0.08360633,0.03563333,-0.03936825,0.0005148157,-0.0009388903,0.003759434,0.04958296,1.820423,0.0235908,-0.02298748,0.077787446763247
1.078883,0.01910517,-0.08943787,-0.08266728,-0.08390054,0.03571442,-0.0396838,0.0005324873,-0.001813047,0.002700805,0.0495978,1.820418,0.02357,-0.153,0.123280246318117
1.088644,-0.01040321,-0.1225258,-0.05203313,-0.08393285,0.03573565,-0.03978626,0.0007240875,-0.002340675,0.00214392,0.04960561,1.820367,0.02358216,-0.1849622,0.133522490435494
1.101078,-0.02807983,-0.1627554,-0.04418947,-0.08401703,0.03562699,-0.0396809,0.0005286827,-0.003182215,0.001513553,0.04957864,1.820285,0.02358723,-0.2350248,0.170969357616424
1.114603,-0.0527006,-0.1209432,-0.05974512,-0.08447711,0.03580127,-0.03955356,0.0003924014,-0.004232833,0.0006103251,0.04958352,1.820205,0.02354348,-0.2333889,0.144824314278597
1.134625,0.05328076,0.01212877,-0.06060445,-0.08534248,0.03629669,-0.03998116,0.0003697948,-0.005332779,-0.000235767,0.04964375,1.820112,0.02350247,0.004805084,0.081601753004932
1.144164,0.03278529,0.09921754,-0.06752982,-0.08559449,0.03628563,-0.04023929,0.0004456855,-0.004849314,-0.0004154296,0.04964903,1.820073,0.02350736,0.06447302,0.124415724646631
1.156534,0.07202149,0.08802249,0.01511589,-0.08540363,0.03613878,-0.0402702,0.0008998729,-0.003200531,-0.0005039408,0.049667,1.820095,0.02351034,0.1751599,0.114732492061296
1.173658,0.02001388,-0.001720347,0.06907416,-0.08524504,0.03589563,-0.04021198,0.001102896,-0.00203353,-6.185091E-05,0.04965776,1.820131,0.02351445,0.08736769,0.071935767190917
1.190266,-0.04268882,-0.06777849,-0.009281112,-0.08574172,0.03586131,-0.04011078,0.0009363381,-0.00171104,-7.101486E-05,0.04965723,1.820187,0.02347094,-0.1197484,0.08063745112969
1.199807,-0.02671754,-0.06596389,-0.02093706,-0.08622166,0.0360088,-0.04025725,0.001077686,-0.002380455,-0.0001331026,0.04970694,1.82016,0.02345294,-0.1136185,0.074185051368315
1.212091,-0.02369282,0.02336513,-0.03697021,-0.08652088,0.0361603,-0.04029072,0.0008580314,-0.002914885,-0.0001470991,0.04973796,1.82011,0.02344304,-0.0372979,0.049740078671809
1.225963,-0.02580691,0.1641171,0.02611589,-0.08648572,0.03625681,-0.04049708,0.0006136296,-0.002246545,-8.257919E-05,0.04973066,1.820106,0.02344966,0.1644261,0.168173893665702
1.246138,-0.03877398,0.001044869,0.1154353,-0.08559113,0.03642786,-0.04057119,0.0002391457,0.0003176127,0.0008902758,0.04967558,1.820229,0.02351391,0.07770618,0.121777742443627
1.2557,-0.02322305,-0.09451918,0.05465186,-0.08467337,0.03643666,-0.0405209,3.717355E-05,0.0002656644,0.001622878,0.0496473,1.82019,0.02359194,-0.06309037,0.111624415724953
1.267693,0.01154689,-0.1228326,-0.05920479,-0.08492672,0.03648328,-0.04053281,-5.168376E-05,-0.0001661918,0.001453594,0.04965571,1.820251,0.02359062,-0.1704905,0.136844383093108
1.284912,-0.01383751,-0.07009041,-0.008717107,-0.08504363,0.03654639,-0.04050117,0.0002126284,-0.001018128,0.0008845801,0.04968649,1.820214,0.02357548,-0.09264503,0.071973124918525
1.301958,0.01843365,0.01772606,-0.02315979,-0.08495381,0.03645379,-0.04063816,0.0007405047,-0.001226514,0.0004612394,0.0497404,1.8202,0.02353579,0.01299993,0.034502006837598
1.311662,0.04595403,-0.003059708,-0.0116037,-0.08480774,0.03641472,-0.04062974,0.000969558,-0.001024036,0.0003294534,0.04977337,1.820199,0.02351975,0.03129062,0.047495058750308
1.323503,0.0283944,-0.05830631,-0.01753926,-0.08464298,0.03632374,-0.04061361,0.001147535,-0.001291733,0.000316289,0.04980609,1.820179,0.02351272,-0.04745116,0.067182534031816
1.337702,-0.005626001,-0.07360657,-0.004753593,-0.08467513,0.03633751,-0.04057058,0.001451241,-0.00189572,0.0001463384,0.04984137,1.820156,0.02350813,-0.08398616,0.073974158510171
1.357502,-0.04552565,0.04409055,0.005887191,-0.08463593,0.03637863,-0.04037129,0.001095526,-0.001639291,0.0002218265,0.04984489,1.82018,0.02350831,0.004452086,0.063649196843139
1.366797,0.01800911,0.01896064,-0.006707474,-0.08456402,0.03646847,-0.04013253,0.0007839731,-0.001135428,0.0003325566,0.04985321,1.820196,0.02350426,0.03026227,0.026996738380493
1.379405,0.02071994,0.003854014,-0.05110207,-0.08448895,0.0366272,-0.04000649,0.0005429207,-0.00115756,0.0002797083,0.04986358,1.820186,0.02348971,-0.02652811,0.055277402688296
1.396419,-0.01650461,0.001018617,-0.02007583,-0.08457743,0.03672152,-0.0400232,0.0005580003,-0.00123879,0.00018052,0.04989201,1.820183,0.02348232,-0.03556182,0.026009204473831
1.412965,0.04398213,-0.0008406863,-0.009864619,-0.0846374,0.03676045,-0.04012875,0.001172057,-0.00109541,7.575064E-05,0.04997465,1.820217,0.0234834,0.03327682,0.045082644698095
1.422981,0.06509777,0.00224983,-0.01412206,-0.08457351,0.0366931,-0.04027924,0.001456642,-0.0005469299,1.081952E-05,0.05001938,1.820249,0.02348101,0.05322554,0.066649938462189
1.434943,0.05888487,-0.0262343,0.03200005,-0.08425598,0.03653169,-0.04043935,0.001846808,-2.062065E-06,9.961727E-05,0.05006453,1.820283,0.02348197,0.06465063,0.071969925405625
1.449286,0.0326163,-0.06592074,0.04486996,-0.0838028,0.03622985,-0.04052736,0.002337883,0.0003371468,1.888281E-05,0.05010536,1.820282,0.02348971,0.01156552,0.086154977802867
1.468695,0.04972877,-0.1075399,-0.01996735,-0.08388717,0.03619257,-0.04048067,0.003000781,-0.0002778111,-0.0003330384,0.05019951,1.820314,0.02343976,-0.07777853,0.120151923699532
1.478511,0.06636406,-0.07761899,-0.01436291,-0.08396062,0.03602488,-0.04040367,0.003238799,-0.0008111817,-0.0004447733,0.05025354,1.820303,0.02342093,-0.02561784,0.10312705443309
1.490473,0.01066342,-0.05902332,-0.005053181,-0.08412224,0.03585086,-0.04039584,0.003553973,-0.001312649,-0.000445148,0.05031487,1.820284,0.02340215,-0.05341309,0.060191328020939
1.507909,0.06654489,-0.04419769,0.02219834,-0.08416808,0.03567854,-0.04041241,0.003665112,-0.001739447,-0.0001954682,0.05036178,1.820258,0.02339441,0.04454554,0.082912146883077
1.524571,0.03515243,-0.03384943,0.008015835,-0.08437791,0.03555055,-0.04019997,0.003803289,-0.001906552,0.0002343016,0.05041587,1.820256,0.02339375,0.009318833,0.049454334197855
1.533746,-0.005568522,-0.05480619,0.009465864,-0.08439173,0.03539915,-0.04011625,0.003937522,-0.002160462,0.000392507,0.05047411,1.820225,0.02340835,-0.05090885,0.055895703199897
1.54663,0.03050327,-0.01312698,-0.008341566,-0.08468297,0.03532441,-0.03999646,0.003890632,-0.002144258,0.0004340983,0.05053657,1.820232,0.0234043,0.009034719,0.0342395804745
1.560322,-0.01617698,0.01168823,0.002103447,-0.08467627,0.0351632,-0.03982451,0.003705414,-0.002243721,0.0005556658,0.05055436,1.820209,0.02341634,-0.002385305,0.020068230088192
1.58066,0.01643562,-0.06109283,0.006425757,-0.08468831,0.03508459,-0.0399581,0.003549855,-0.002222744,0.0006213608,0.0505591,1.820203,0.0234127,-0.03823146,0.063590516902385
1.590207,-0.03862403,-0.07756965,0.02029823,-0.08475942,0.0349938,-0.03988281,0.003317916,-0.002136088,0.0005375295,0.05058879,1.820198,0.02340764,-0.09589545,0.088999349282391
1.601371,-0.007276885,-0.003433301,-0.01994991,-0.08492357,0.03493835,-0.0398749,0.002809504,-0.001837543,0.0005202405,0.05062506,1.820212,0.02339864,-0.0306601,0.021511384070262
1.619483,-0.04121797,0.01041234,0.01327241,-0.08483565,0.03499522,-0.03980473,0.002438684,-0.001384575,0.0004930894,0.050643,1.820243,0.02339709,-0.01753322,0.044536443887736
1.635441,-0.0423728,-0.009116394,0.03790117,-0.08449192,0.03502451,-0.03981572,0.0015724,-0.0006138845,0.0009234815,0.05058512,1.820274,0.02342588,-0.01358802,0.057576576596325
1.645786,-0.04800174,-0.03385299,0.028883,-0.08423471,0.03512423,-0.03979583,0.001169923,-0.0007845667,0.001185398,0.05056149,1.820251,0.02345443,-0.05297174,0.065455482052171
1.657348,0.02511831,-0.05590302,-0.02326997,-0.08414242,0.03523512,-0.03992089,0.0006513811,-0.001141369,0.001239805,0.05053639,1.820228,0.02347505,-0.05405468,0.065555848614253
1.675302,-0.03361495,-0.04569118,-0.0006916484,-0.08419749,0.03551195,-0.04011665,0.0003808291,-0.001549094,0.001332401,0.05053589,1.82022,0.02350062,-0.07999778,0.056728542129555
1.691807,-0.06729792,-0.023934,-0.007935567,-0.08436083,0.03580712,-0.03983186,-0.0005749992,-0.001515903,0.001233218,0.05049309,1.820232,0.02351266,-0.09916748,0.071866678490209
1.701086,-0.03386957,0.02669099,0.005828005,-0.08453809,0.0360406,-0.0392987,-0.001096884,-0.001568363,0.001305136,0.05045453,1.82024,0.02351725,-0.001350573,0.043514626086801
1.712925,-0.03854026,0.00197731,-0.004234644,-0.08470244,0.03614374,-0.03918501,-0.001342819,-0.001644823,0.001290067,0.05042526,1.820209,0.02352858,-0.04079759,0.038822590384069
1.727571,-0.01367745,0.002290264,-0.03919552,-0.08503261,0.03635002,-0.03918593,-0.001823792,-0.00186118,0.001288176,0.05040163,1.820192,0.02353418,-0.05058271,0.041576518185857
1.748081,-0.01246325,-0.02977913,-0.01282176,-0.08482288,0.03647691,-0.03941284,-0.001986377,-0.001798636,0.0009664388,0.05036736,1.820158,0.02354813,-0.05506413,0.03473509105779
1.756637,-0.01028846,0.01860533,-0.002428351,-0.08471984,0.0366127,-0.03943217,-0.001901432,-0.001517393,0.0009004211,0.05033407,1.820167,0.02356112,0.005888523,0.02139877274859
1.768568,0.01917298,-0.01826064,-0.0259507,-0.08450904,0.0368224,-0.03932243,-0.002199684,-0.001145483,0.0007712132,0.05029255,1.820197,0.02355474,-0.02503837,0.037074153317016
1.786539,0.001413285,-0.1298769,-0.00206562,-0.08458524,0.03678082,-0.03944231,-0.002433476,-0.001208264,0.0003655952,0.05022314,1.820208,0.02353936,-0.1305293,0.129901040063888
1.802626,0.01953484,-0.05750167,-0.03624365,-0.08474248,0.03668702,-0.03966745,-0.002484162,-0.001773664,-0.0004921236,0.05021143,1.820188,0.02348977,-0.07421049,0.07072238035568
1.812462,-0.02163377,0.02218566,-0.04652342,-0.08469902,0.03676505,-0.03971149,-0.002565385,-0.001908975,-0.0008139871,0.05018505,1.820167,0.02346259,-0.04597153,0.055898583965754
1.824404,-0.02821678,0.005493049,-0.01124473,-0.08463707,0.03688278,-0.0398586,-0.002633648,-0.001672134,-0.001041062,0.05014524,1.820161,0.02343452,-0.03396846,0.030867522704767
1.842417,-0.04148239,-0.03248848,-0.01181845,-0.08432303,0.03712765,-0.04002195,-0.003156155,-0.001778535,-0.001217115,0.05005676,1.820114,0.02340728,-0.08578932,0.053999677510841
1.858724,-0.03581117,-0.05109752,-0.0044786,-0.08435534,0.03760298,-0.04020574,-0.003912968,-0.002180384,-0.001627872,0.04995391,1.820075,0.02335489,-0.09138729,0.062557610333798
1.867939,0.001983152,-0.06050901,-0.04123122,-0.0843318,0.03791363,-0.04024871,-0.004217172,-0.002254215,-0.001832275,0.04989079,1.82005,0.02331549,-0.09975708,0.073248116529921
1.880138,-0.0682863,-0.03997098,0.01171253,-0.08421571,0.03804117,-0.04004597,-0.004310943,-0.002459642,-0.002070321,0.04979604,1.820019,0.02328545,-0.09654475,0.079986756710942
1.894337,-0.005434352,0.02426314,0.01676205,-0.08410759,0.03849839,-0.04011883,-0.00412107,-0.00207578,-0.002039685,0.04978022,1.820026,0.02323526,0.03559083,0.029986635788687
1.914038,0.03510285,-0.03747978,0.01711525,-0.08398318,0.03869528,-0.04010931,-0.003612558,-0.001636248,-0.001882648,0.04975605,1.820057,0.02319336,0.01473832,0.054128331040852
3.919207,0.009082862,0.03448545,0.02078459,-0.08744974,0.03777168,-0.03972329,0.0006347402,-0.00395213,0.002526143,0.04906312,1.819396,0.02369541,0.0643529,0.041276430530728
3.929223,0.04609761,0.03306491,0.006898872,-0.0875291,0.03781964,-0.03949811,0.0008180976,-0.003608084,0.002684661,0.04910198,1.819389,0.0237385,0.0860614,0.057147814130818
3.94068,0.02808851,0.01711419,0.01957938,-0.08760784,0.03762581,-0.03889983,0.001123784,-0.002720629,0.002949397,0.04913566,1.819435,0.02379799,0.06478208,0.038278088374844
3.955424,0.03166886,0.002399483,0.01278432,-0.08767092,0.03751927,-0.03878166,0.001441341,-0.002135235,0.003286012,0.0492118,1.819454,0.02385491,0.04685266,0.034236135990642
3.971168,0.04812991,-0.008937322,-0.03807922,-0.08798232,0.03756047,-0.03878518,0.001859749,-0.002030603,0.003082364,0.04924929,1.819438,0.02388966,0.00111337,0.062019276083777
3.984931,0.03028858,-0.004986228,-0.03425093,-0.08818384,0.0374488,-0.03868302,0.002037029,-0.002253541,0.002655777,0.04925415,1.81939,0.02391893,-0.008948578,0.045993339566349
3.996519,0.0313281,-0.01372432,-0.02479577,-0.08822276,0.03739212,-0.03853341,0.001958708,-0.002129858,0.00233522,0.04928184,1.819366,0.02392793,-0.007191988,0.042244969553472
4.011361,0.02743682,-0.02867169,-0.01908641,-0.08825232,0.03722657,-0.03862196,0.002095103,-0.002105494,0.001961108,0.04931253,1.819359,0.02392513,-0.02032128,0.044035621105492
4.031234,-0.03916266,-0.04532901,-0.028449,-0.0882687,0.03699487,-0.03875099,0.002209725,-0.0021786,0.001230714,0.04935417,1.819372,0.02389437,-0.1129407,0.066315749717224
4.040831,-0.03514258,-0.02862509,-0.04117887,-0.08834383,0.03690264,-0.03882452,0.002347546,-0.002145355,0.0007231968,0.04940036,1.81936,0.02387947,-0.1049465,0.061238031425373
4.05198,-0.03649803,-0.005181663,-0.04920948,-0.08830464,0.03668162,-0.03896856,0.002018408,-0.002305007,0.0002246591,0.04942209,1.819338,0.02385688,-0.09088916,0.061485997939997
4.066944,-0.03315404,-0.008317038,-0.04515937,-0.08821712,0.03664568,-0.03908544,0.001698368,-0.002348293,-0.0004589983,0.04942888,1.819322,0.0238055,-0.08663046,0.056636850109286
4.086203,-0.0301627,-0.0160732,-0.04053917,-0.08817546,0.03681096,-0.03920666,0.001231167,-0.002031588,-0.001412338,0.04942071,1.819326,0.0237273,-0.08677508,0.053024152045311
4.096282,-0.01922842,-0.05813825,-0.02022535,-0.0880836,0.03687713,-0.03932704,0.0009803873,-0.001979623,-0.001673344,0.04941675,1.819305,0.02369571,-0.09759203,0.064489172477308
4.107974,-0.005096062,-0.003414093,-0.02450456,-0.08800904,0.03696728,-0.03939402,0.0006195278,-0.001761341,-0.001917635,0.04939923,1.819297,0.0236612,-0.03301472,0.025260630968854
4.122382,-0.03008315,-0.03193011,-0.02047104,-0.08800104,0.0371363,-0.03926733,0.00028147,-0.00148004,-0.002138043,0.0493812,1.819299,0.02362442,-0.0824843,0.048410652156638
4.142133,0.04175902,0.06203605,-0.01157619,-0.08802235,0.03742397,-0.0393052,0.0002477079,-0.0005929653,-0.002183267,0.04940525,1.819381,0.02359539,0.09221888,0.075672290084826
4.15185,0.04263758,0.02489502,0.006897038,-0.08788553,0.03762117,-0.03932594,0.0003688583,-0.0001166321,-0.002011858,0.049427,1.819422,0.02357769,0.07442965,0.049852731200489
4.163242,0.04845938,0.03533299,0.0008986621,-0.08781801,0.03772609,-0.03925641,0.0003351167,0.0004942621,-0.001782626,0.04942426,1.819465,0.0235725,0.08469103,0.059979492817916
4.178174,-0.00860187,0.04171348,0.05213737,-0.08763739,0.03768222,-0.03902526,0.000190619,0.001304304,-0.001128409,0.04940638,1.819525,0.02360421,0.08524898,0.067322446033859
4.197795,0.00369763,0.07865515,0.03460401,-0.08745036,0.03767021,-0.03904193,0.0002801717,0.003018429,-0.00051578,0.04940856,1.819677,0.02363402,0.1169568,0.086010125378152
4.207547,-0.02742384,0.02558733,0.05207245,-0.0869529,0.03769106,-0.03922752,0.0001994184,0.003621777,-0.0001443101,0.04941386,1.819739,0.02365673,0.05023593,0.064174127585833
4.220284,0.0170743,0.03506961,0.01034888,-0.08662648,0.03783292,-0.03938619,0.0004008136,0.00463503,0.0001749525,0.04943368,1.819897,0.02366751,0.06249279,0.040354783521368
4.234623,0.02535544,-0.07568417,-0.0324435,-0.08641124,0.03775403,-0.0393981,0.0005937043,0.004395411,0.0002018882,0.04944628,1.819973,0.02368015,-0.08277223,0.086160162477817
4.255191,-0.03417891,-0.268786,0.03987109,-0.0866925,0.03776958,-0.03933907,0.000740213,0.001694461,-0.0002701636,0.04947487,1.819902,0.02365339,-0.2630938,0.273868256404552
4.264626,0.019257,-0.1032277,-0.05918109,-0.08688539,0.03789449,-0.03944021,0.0007493533,0.0004396611,-0.0005500435,0.04947945,1.819833,0.02363336,-0.1431517,0.120537062256528
4.275801,0.0541584,0.0184114,-0.0480932,-0.08709818,0.03788432,-0.03959398,0.0009028458,0.0001448615,-0.001022921,0.04948723,1.819826,0.02358913,0.0244766,0.074733307495678
4.290349,0.02969747,0.03181281,0.03450271,-0.0868704,0.03773376,-0.03974201,0.001468197,0.000302712,-0.0004912946,0.04952991,1.819845,0.02360052,0.09601299,0.055537656571094
4.310679,0.01655239,0.02838178,0.03052325,-0.08614127,0.03746987,-0.03960758,0.001744882,0.001856735,0.0002467782,0.04957768,1.819944,0.02363151,0.07545742,0.044846133390903
4.320776,-0.02572896,0.02700871,0.02790378,-0.08589239,0.03741957,-0.03944824,0.001549669,0.002437686,0.0004383859,0.04959899,1.82003,0.02363151,0.02918354,0.046584021579048
4.331315,-0.01175276,0.01451662,-0.05823852,-0.08573212,0.03750982,-0.03931515,0.001454537,0.002751771,0.0002668683,0.04963291,1.820121,0.02362466,-0.05547466,0.061160321383616
4.346299,-0.004490608,-0.1044906,-0.06675912,-0.08561069,0.03748548,-0.03925215,0.00129316,0.002618116,-0.0002447641,0.04965088,1.820164,0.02360785,-0.1757403,0.124077525823024
4.366503,-0.04168183,-0.1082795,-0.09310313,-0.08589745,0.03752818,-0.03915609,0.000799788,0.001588444,-0.001803868,0.049613,1.820151,0.02350485,-0.2430644,0.148761591928592
4.375993,-0.03247648,-0.0240424,-0.1069868,-0.08615743,0.03762609,-0.03896927,0.0004230107,0.0008947034,-0.002720213,0.04957819,1.82013,0.02341735,-0.1635057,0.114363199762349
4.387179,-0.02067655,-0.05472562,-0.06772982,-0.08668964,0.03793969,-0.03862987,-0.0001846761,0.0001237016,-0.003545324,0.04954299,1.820127,0.02330321,-0.143132,0.089497165616803
4.401991,-0.1206136,0.0342367,-0.0188909,-0.08696764,0.03800499,-0.03849629,-0.0005911899,0.0002748072,-0.004437244,0.04951963,1.82017,0.02320105,-0.1052678,0.126793732172875
4.422624,0.06427756,0.09949973,0.005383231,-0.0866087,0.03825287,-0.03871807,-0.0003452871,0.001539291,-0.004080405,0.04957443,1.820288,0.02314478,0.1691605,0.118578162217896
4.432236,0.08185489,0.1721592,0.02594277,-0.08610328,0.03806547,-0.03898526,1.539767E-05,0.003192503,-0.003638015,0.04958391,1.820407,0.02311015,0.2799568,0.192385090231133
4.44837,0.06715473,0.09452733,-0.04478224,-0.08497688,0.03734829,-0.03926679,0.0010422,0.005917836,-0.003704172,0.04960862,1.820572,0.02307248,0.1168998,0.124300529430383
4.457463,-0.00822737,0.03833356,-0.0284982,-0.08449042,0.03695488,-0.03912315,0.001471613,0.007022725,-0.00414422,0.04963335,1.820744,0.02298981,0.001607993,0.048469571564154
4.473566,-0.04867898,-0.06807446,-0.03403246,-0.0841611,0.03667257,-0.03902997,0.001414391,0.007409765,-0.005203505,0.04967231,1.820911,0.02283365,-0.1507859,0.090343698627486
4.487195,-0.047048,-0.07937049,-0.02915565,-0.0839588,0.03672618,-0.03900997,0.001249044,0.006556004,-0.0055807,0.04970682,1.82098,0.02271527,-0.1555741,0.096763841660215
4.498769,-0.02432549,-0.07345605,0.006760078,-0.08382308,0.03678828,-0.03911136,0.0009181242,0.006023066,-0.005673536,0.04973701,1.821061,0.02262092,-0.09102146,0.077673800810611
4.513212,-0.0158809,-0.05585376,0.03199242,-0.08342835,0.0368949,-0.03924728,0.0005467082,0.005464926,-0.005203191,0.04974741,1.821122,0.02257246,-0.03974225,0.066297514753145
4.52929,-0.008345109,-0.05334475,0.03129025,-0.08331897,0.03698618,-0.03918179,0.0002807069,0.005270885,-0.004811252,0.04974341,1.821226,0.02250946,-0.03039961,0.062404986279361
4.547683,-0.02721767,-0.07931905,0.01679381,-0.08317011,0.03679135,-0.0388413,-0.0004767782,0.004567198,-0.004437812,0.04969019,1.821279,0.022452,-0.08974291,0.085523949734286
4.554962,-0.06365057,-0.05039404,0.001962913,-0.08323615,0.03682143,-0.03868304,-0.0005815236,0.004106246,-0.004596322,0.04967013,1.821329,0.02237016,-0.1120817,0.081208421937648
4.56959,-0.02075094,-0.0007920192,-0.002213615,-0.08297171,0.03695223,-0.03879762,-0.001002472,0.00363517,-0.004517896,0.04961509,1.821339,0.02231789,-0.02375657,0.02088369544918
4.584817,0.06564067,-0.01005485,0.003128862,-0.08255684,0.0369931,-0.03896335,-0.001819247,0.004033004,-0.004163038,0.04952753,1.821397,0.02228218,0.05871468,0.066479972546374
4.598388,6.182468E-06,-0.009581227,0.02668962,-0.0821705,0.03684175,-0.0389592,-0.001763452,0.00450711,-0.004071085,0.04950187,1.821515,0.02223253,0.01711457,0.028357283023928
4.615271,0.0008844777,-0.04642187,-0.01991873,-0.0820436,0.03659571,-0.03899175,-0.001651438,0.004865304,-0.004317644,0.04950365,1.821654,0.02215081,-0.06545613,0.050522556230832
4.624691,0.02434113,-0.0718662,-0.02548299,-0.08204473,0.03648828,-0.03904578,-0.001580762,0.00462909,-0.004623517,0.04949433,1.821728,0.02206194,-0.07300805,0.08004138939241
4.64042,0.01459584,-0.03715426,-0.05657437,-0.081918,0.03639523,-0.03904049,-0.001674482,0.003979691,-0.005173521,0.04945999,1.821757,0.02195793,-0.0791328,0.069239706627474
4.653965,-0.05142273,-0.03609756,0.01641285,-0.081576,0.03621172,-0.03911199,-0.001923901,0.003723066,-0.005424648,0.04939654,1.821779,0.02187812,-0.07110745,0.064936221175067
4.665605,-0.01462282,0.01272052,0.02882315,-0.0814205,0.03638577,-0.03912783,-0.002245925,0.003814592,-0.005292279,0.04937917,1.82186,0.02178931,0.02692084,0.034733448055132
4.680328,-0.01618751,-0.0891871,0.05819583,-0.08109015,0.03646291,-0.03925937,-0.002465548,0.003789567,-0.004993433,0.04933295,1.821901,0.02173531,-0.04717878,0.107717823120723
4.696377,0.007164218,-0.05427752,0.01107893,-0.08135852,0.03642781,-0.03889112,-0.002629215,0.003352685,-0.004791573,0.0492726,1.821994,0.02166528,-0.03603438,0.055858011518387
4.715064,-0.03353544,-0.07436897,0.04246826,-0.0813535,0.03622394,-0.03832636,-0.002985033,0.002740769,-0.004343727,0.0492129,1.822022,0.02162462,-0.06543615,0.091972399767354
4.722437,0.002563688,0.002562521,0.01079367,-0.08150026,0.03619013,-0.03833117,-0.002806754,0.002876251,-0.00397916,0.04921573,1.822077,0.02157724,0.01591988,0.01138605841476
4.735819,-0.01389891,0.02272904,0.05815179,-0.08140863,0.03597505,-0.03839281,-0.002772865,0.003467186,-0.003410862,0.04919979,1.822175,0.02157182,0.06698192,0.063964206261647
4.751855,-0.02061481,-0.05592546,0.0005367178,-0.08131674,0.03589837,-0.03835906,-0.002799023,0.003622947,-0.00309594,0.04918483,1.822267,0.02155226,-0.07600355,0.059606336239082
4.765466,-0.05708271,-0.06694644,0.01435689,-0.08129582,0.03580017,-0.03824748,-0.003440376,0.00327933,-0.003045991,0.04910654,1.822306,0.02151865,-0.1096723,0.08914247960136
4.782227,-0.03382406,-0.0551676,-0.04401316,-0.08122417,0.03578913,-0.03828953,-0.003985649,0.002725105,-0.003392161,0.04902306,1.822322,0.02146095,-0.1330048,0.078260391065474
4.791749,-0.03414968,-0.06718051,-0.02918561,-0.08119964,0.03569232,-0.03837568,-0.004283952,0.002685579,-0.003670963,0.04895878,1.82237,0.02139562,-0.1305158,0.080815967671132
4.807769,-0.05350006,0.003058326,-0.02717315,-0.0810448,0.03559763,-0.0385223,-0.00496334,0.002283324,-0.003976407,0.04889128,1.822418,0.02131712,-0.07761489,0.060083193754305
4.821328,-0.05205661,-0.0900872,-0.002146407,-0.08079974,0.03557039,-0.03869264,-0.005720337,0.001752513,-0.003896404,0.04879695,1.822439,0.02126265,-0.1442902,0.104068251459728
4.832461,-0.09161016,-0.03888266,-0.00260648,-0.0805855,0.0358347,-0.03888666,-0.006447529,0.001100457,-0.004030379,0.04867041,1.822441,0.02118796,-0.1330993,0.099554384655239
4.84725,-0.03391735,-0.09749047,0.02098254,-0.08037633,0.03617128,-0.03915559,-0.007284546,0.0004143841,-0.004054233,0.04853079,1.822411,0.0211218,-0.1104253,0.105333017204403
4.863283,7.868226E-05,-0.06690639,0.01687867,-0.08047242,0.03639819,-0.03958426,-0.007834119,-0.0005451134,-0.003810943,0.04838967,1.822388,0.02107918,-0.04994904,0.069002616341168
4.882349,0.0419497,-0.06988426,0.01815595,-0.08042592,0.03666768,-0.03982415,-0.007958937,-0.001263166,-0.00339658,0.04828355,1.82235,0.02105606,-0.009778608,0.083505846865527
4.889693,0.004174162,-0.08059922,0.02048704,-0.08046106,0.03658226,-0.03986518,-0.008071057,-0.002069775,-0.003055816,0.04814824,1.822304,0.0210399,-0.05593802,0.083266898181784
4.902986,-0.06539642,-0.08686848,0.03252497,-0.08052568,0.03663236,-0.0397829,-0.008554595,-0.002589964,-0.002751657,0.04800084,1.822261,0.02102029,-0.1197399,0.113493163945057
7.408623,0.04055412,0.02511374,-0.02284175,-0.09149121,0.03910218,-0.04049304,0.005249184,-0.002750863,0.0003599012,0.04573816,1.818691,0.02299207,0.04282612,0.052887446239001
7.424656,-0.003027396,0.06380339,-0.005700469,-0.09165075,0.03887195,-0.04024603,0.005146764,-0.001889892,0.0001305177,0.04578993,1.818735,0.02298397,0.05507553,0.064129034010397
7.438235,-0.03274139,0.0009818226,0.04233181,-0.09146107,0.0386823,-0.04025617,0.005302905,-0.001006321,-2.076817E-05,0.04586792,1.818751,0.02296001,0.01057224,0.053525179418612
7.45523,-0.0301388,0.01849288,0.02141792,-0.09148239,0.03847286,-0.04026994,0.005407378,-0.0001815351,-0.0001764337,0.04595932,1.818821,0.02291864,0.00977201,0.041340795575723
7.464204,-0.01001591,0.02225656,-0.00881064,-0.0914731,0.03827843,-0.04007326,0.005135408,0.0001136475,4.397691E-05,0.04602966,1.818871,0.02292931,0.003430017,0.025948033214196
7.480526,-0.03645571,0.01861445,-0.02839002,-0.09163837,0.03834581,-0.04009083,0.004718334,0.0007103605,-1.272377E-05,0.04609409,1.818955,0.02293056,-0.04623127,0.049814751019653
7.493971,-0.0785777,0.03334719,0.05473591,-0.09155973,0.03822144,-0.04008109,0.004005753,0.0007435289,0.000226835,0.04609284,1.818975,0.02295446,0.009505391,0.101402713642776
7.511081,-0.0206702,0.04229067,0.03526029,-0.09144884,0.03826833,-0.04023351,0.002906941,0.001414674,0.0008655003,0.04606208,1.819038,0.02299064,0.05688076,0.058813655895357
7.520181,-0.02418317,0.0223553,0.028002,-0.09128387,0.03836852,-0.04025816,0.002507276,0.001771821,0.001141432,0.04606903,1.819082,0.02301753,0.02617414,0.043228427863823
7.535923,-0.02111377,-0.04039682,0.0199143,-0.09117074,0.03840457,-0.04034457,0.001793627,0.002265181,0.001705011,0.04607207,1.81917,0.02306825,-0.04159629,0.049742069736721
7.54947,-0.008602438,-0.102422,0.001221027,-0.0912173,0.03848478,-0.04042136,0.001491725,0.001781792,0.001685401,0.0460903,1.819197,0.02308965,-0.1098034,0.102789839471208
7.566578,0.01284621,-0.06816404,0.007424786,-0.09135499,0.03838909,-0.04053792,0.001205476,0.0005654863,0.001842069,0.04609615,1.819165,0.02312589,-0.04789304,0.069760219638613
7.576258,-0.01759802,-0.04156923,-0.01627275,-0.09136594,0.03835897,-0.04051581,0.001139487,0.0002476612,0.001788544,0.04610771,1.81916,0.02315056,-0.07544,0.047984305377721
7.592067,0.0171012,-0.00351695,-0.02509211,-0.09173329,0.03825776,-0.04054593,0.001137069,-0.0001761127,0.001474582,0.04612094,1.81915,0.02315891,-0.01150786,0.030568513258212
7.605321,0.03154919,-0.006863344,-0.02215283,-0.09186439,0.03821314,-0.04054391,0.001279256,-0.0003553244,0.001400465,0.0461413,1.819149,0.0231756,0.002533021,0.039156159901977
7.622468,0.00755802,0.04207687,0.00849596,-0.09192884,0.03798829,-0.04066133,0.00173187,0.0003102849,0.001232386,0.0461812,1.819199,0.02318394,0.05813085,0.043586332449205
7.631221,0.0152463,0.02096298,-0.005984848,-0.09191005,0.03776358,-0.04061333,0.00186137,0.001060939,0.001232615,0.04620734,1.819256,0.0231967,0.03022444,0.026602909672088
7.647583,0.02642674,0.08021773,-0.01857393,-0.09162024,0.03756254,-0.04062155,0.002091016,0.002429982,0.0009278555,0.04623771,1.819364,0.02318716,0.08807055,0.086476866575616
7.661325,0.03994555,0.1291056,0.0001240086,-0.09112803,0.03730385,-0.04067153,0.002306155,0.003465179,0.001070107,0.04628965,1.81946,0.02321345,0.1691752,0.135144078211301
7.677857,-0.01549323,0.002342857,0.08189838,-0.09040517,0.0369626,-0.04047034,0.002501802,0.004911855,0.001665462,0.04635143,1.81961,0.02327901,0.06874801,0.083383897523987
7.687797,-0.08020832,-0.05003128,0.009644213,-0.09009551,0.03675312,-0.04027013,0.002337312,0.00510275,0.001801139,0.04637897,1.81971,0.023314,-0.1205954,0.095023759532615
7.703166,-0.02322738,-0.1776931,-0.07647897,-0.09062878,0.03682181,-0.04045512,0.002182234,0.00373298,0.0009552199,0.04641443,1.819755,0.02328956,-0.2773994,0.194841896625165
7.716592,-0.01502076,-0.1312758,-0.1002477,-0.09091954,0.036767,-0.04064554,0.00208314,0.002257952,-0.0003505788,0.04642677,1.8197,0.0232448,-0.2465443,0.165857045033676
7.733612,-0.03712662,-0.05282091,-0.08819334,-0.09122921,0.0370391,-0.04061159,0.001624428,0.0003423367,-0.001946065,0.04643762,1.819626,0.02314806,-0.1781409,0.109300047378762
7.74306,-0.0338822,-0.000588296,-0.05780407,-0.09140102,0.03722429,-0.04053664,0.001286884,0.0002055369,-0.002614454,0.04644728,1.819629,0.02308089,-0.09227457,0.067004925160858
7.758847,0.02094585,0.0688023,-0.03538474,-0.09103047,0.03757263,-0.04054401,0.0009350152,0.0006363768,-0.003198168,0.04646048,1.819668,0.02300853,0.05436341,0.080153382358124
7.772437,0.08910637,0.1208115,-0.06575917,-0.09043451,0.03787464,-0.04031859,0.001207699,0.002477603,-0.003494296,0.04652897,1.819786,0.02294767,0.1441587,0.163889093840413
7.789421,0.03264955,0.1146279,-0.041096,-0.08978821,0.03728025,-0.0398553,0.001786384,0.005195227,-0.003719955,0.04656312,1.820011,0.02290702,0.1061814,0.126073070682788
7.798328,0.07743621,0.0358428,-0.0586269,-0.08933127,0.03713148,-0.03972561,0.002569182,0.006291178,-0.004222014,0.04663479,1.820137,0.02283776,0.05465211,0.103528673321283
7.814576,0.05513135,0.01543907,-0.0842818,-0.08930071,0.03655646,-0.03991593,0.003484622,0.007750239,-0.005380138,0.04671937,1.82033,0.02271795,-0.01371139,0.101888430830509
7.828459,0.0640633,0.03714058,-0.1267046,-0.08923151,0.03613239,-0.04015229,0.004241211,0.008112296,-0.006721,0.04682773,1.8205,0.02254891,-0.0255007,0.146756881889047
7.844858,0.003058113,-0.008201549,-0.08928907,-0.08889047,0.03578008,-0.0400242,0.004777914,0.008683229,-0.008692992,0.04693109,1.820667,0.02232629,-0.0944325,0.089717084943224
7.85398,-0.006784864,0.09788352,-0.07336163,-0.0886623,0.03567327,-0.03986727,0.004695391,0.009647618,-0.009750088,0.04700956,1.820872,0.02212614,0.01773703,0.122511823032244
7.870365,-0.03264252,0.03976928,-0.003842092,-0.08776946,0.03562108,-0.0397151,0.004163451,0.01098148,-0.01054353,0.04696819,1.821229,0.02192777,0.003284671,0.051593525084022
7.883975,-0.1245418,0.01889741,0.004859778,-0.08704291,0.03565875,-0.03954914,0.003163217,0.01209468,-0.01087036,0.04687214,1.821408,0.02177352,-0.1007846,0.126061036190152
7.900698,-0.06889549,0.001045442,-0.03866596,-0.08632906,0.03613442,-0.03922544,0.001620352,0.01251457,-0.01108408,0.04685044,1.821518,0.0215981,-0.106516,0.079010996952597
7.909819,-0.06430908,-0.10229,-0.01427107,-0.08576624,0.03615452,-0.03930666,0.0009834764,0.0119519,-0.01126277,0.04681715,1.821533,0.02145523,-0.1808702,0.121665832613085
7.925764,0.009135611,-0.197016,-0.05082585,-0.08562385,0.03627908,-0.03956777,0.0002444545,0.009899488,-0.01206096,0.04691175,1.821679,0.02124709,-0.2387062,0.203671393137828
7.939638,-0.03105062,-0.2158578,-0.01860093,-0.08569734,0.03642464,-0.03966483,7.143524E-05,0.008107705,-0.01285708,0.04689708,1.821743,0.02102035,-0.2655093,0.218871484905427
7.956311,-0.03423051,-0.05911119,-0.01517542,-0.0856638,0.03667917,-0.03977849,-0.0004354055,0.005925034,-0.01282493,0.04686722,1.821738,0.02083552,-0.1085171,0.069972518205673
7.965373,0.01135711,-0.07255168,0.02035839,-0.08544438,0.03695323,-0.03977199,-0.0003431506,0.005508498,-0.01286659,0.04685581,1.82179,0.02065831,-0.04083618,0.076204952322856
7.981457,-0.004988993,-0.1274364,0.04325452,-0.08488869,0.036858,-0.03975233,-0.0002325574,0.003389803,-0.01190995,0.04680622,1.82171,0.02056396,-0.08917084,0.134669490255563
7.995232,-0.01390096,-0.09476689,0.03217128,-0.08459512,0.03691463,-0.03981256,-9.391179E-05,0.002160515,-0.01177135,0.04681081,1.821697,0.02040887,-0.07649657,0.101039554993424
8.01177,0.02476476,-0.04747135,0.0316064,-0.08412847,0.03736399,-0.03962121,0.0001120878,0.001438596,-0.01103725,0.04685169,1.821709,0.02028573,0.008899806,0.062175453293541
8.021173,-0.03327782,-0.02384406,0.06281308,-0.08393127,0.03732346,-0.0396067,6.74116E-05,0.001210507,-0.01043284,0.04682356,1.821733,0.02018404,0.005691204,0.07497623277368
8.037537,-0.001275171,-0.07506556,0.09057094,-0.08360917,0.03772524,-0.03952561,0.0004159761,0.001014188,-0.00937579,0.04686376,1.821754,0.02011806,0.01423021,0.117641658907409
8.050816,0.05392305,-0.06102649,0.04203386,-0.08365922,0.0379468,-0.03978923,0.0007906705,0.0009122661,-0.008511664,0.0469068,1.821789,0.02004713,0.03493042,0.091644819124749
8.067556,0.07320165,-0.04837451,0.02336033,-0.08377657,0.03806126,-0.03994467,0.001549036,0.0004519285,-0.007723255,0.04696959,1.821795,0.01998347,0.04818747,0.090798016444716
8.076727,0.02899061,-0.0843114,0.04291083,-0.0836625,0.03791816,-0.04001396,0.001957506,-3.967294E-05,-0.007220103,0.04699659,1.821773,0.01992249,-0.01240996,0.098945477637718
8.092955,0.04567973,-0.06215574,0.04115776,-0.08376359,0.03802773,-0.03986588,0.002798112,-0.0007458564,-0.006520514,0.04708269,1.821746,0.01986676,0.02468174,0.087429599382584
8.106346,0.09469499,-0.0764597,0.01517919,-0.08381602,0.0380666,-0.03985709,0.003509684,-0.001580933,-0.006019722,0.04714543,1.821675,0.01981783,0.03341448,0.122652492041555
8.123636,0.07223871,-0.1626384,0.01460566,-0.08419399,0.03791734,-0.03974819,0.004646412,-0.003238329,-0.005677793,0.04724357,1.82156,0.01976067,-0.07579406,0.178558168287089
8.132639,0.04369743,-0.1254082,0.03121337,-0.08447734,0.03775745,-0.03959401,0.005103574,-0.004012538,-0.00541708,0.04735807,1.821489,0.01968843,-0.05049741,0.136421981194081
8.148592,0.04298233,-0.04085857,0.01748953,-0.08495826,0.03746155,-0.03951733,0.006331945,-0.005071829,-0.005024614,0.0475257,1.821417,0.01962268,0.0196133,0.061828694604467
8.162363,0.01364268,-0.02622782,0.02951292,-0.085279,0.03737527,-0.03920585,0.006855214,-0.005476934,-0.004481489,0.04763597,1.821337,0.01959252,0.01692778,0.041773606192837
8.179123,0.0802435,-0.02107303,0.03970683,-0.0852306,0.03730259,-0.03911296,0.007446196,-0.00593978,-0.003566486,0.04772466,1.821209,0.01961464,0.09887729,0.091976756826187
8.188251,0.03202268,0.003904956,0.07107808,-0.08548022,0.03702931,-0.03901567,0.007781054,-0.00581038,-0.003134473,0.04781884,1.82115,0.01960176,0.1070057,0.078056348710403
8.204548,0.01595567,-0.06196387,0.0726782,-0.08544434,0.03669858,-0.03879933,0.008675234,-0.005902222,-0.002334216,0.04798639,1.8211,0.01960403,0.02667,0.096830914852116
8.217834,0.03617137,-0.04260265,0.03759384,-0.08569388,0.03635337,-0.03864427,0.00905696,-0.005720237,-0.001917962,0.048145,1.821065,0.01958442,0.03116256,0.06735466178328
8.2349,0.01940138,-0.01266998,0.03886046,-0.08574467,0.03597983,-0.03840984,0.00955622,-0.005552111,-0.001205559,0.04832032,1.82102,0.01961035,0.04559186,0.045244634333085
8.244219,-0.04118198,-0.01564879,0.03664264,-0.08587751,0.03562277,-0.03817737,0.009550103,-0.005435568,-0.0008626711,0.04845858,1.820965,0.01961988,-0.02018812,0.057302035387146
8.259937,-0.02388753,-0.00271849,0.04899637,-0.08580745,0.03531806,-0.03810047,0.009583998,-0.005052167,-0.0002399032,0.04861322,1.820911,0.01965028,0.02239036,0.054576998470805
8.273512,-0.05574955,-0.0168149,0.05142426,-0.08570928,0.03489454,-0.03800639,0.009259232,-0.004713943,0.0003453706,0.0487245,1.820869,0.01967734,-0.02114019,0.077686598220347
8.290541,-0.06593981,-0.007438594,0.05467918,-0.08575024,0.03460163,-0.03797957,0.00871435,-0.004362667,0.001070676,0.04883319,1.820845,0.01971251,-0.01869923,0.085983743886597
8.299831,-0.02958571,0.0296703,0.03735418,-0.08571536,0.03442492,-0.03780748,0.008270808,-0.004238091,0.001513006,0.04892692,1.820824,0.01975441,0.03743877,0.056133552892891
8.315422,-0.08666065,-0.01017847,0.0853306,-0.0856758,0.03408256,-0.0378345,0.007549417,-0.003880376,0.002368476,0.04896355,1.820818,0.01984948,-0.01150853,0.122044996033378
8.329281,-0.09141809,-0.009832673,0.08849092,-0.08567305,0.03388563,-0.03778562,0.006849377,-0.003392693,0.003239491,0.04903337,1.820828,0.01994044,-0.01275985,0.127611097295211
8.346048,-0.05670536,-0.01617726,0.05147226,-0.08557174,0.03382176,-0.03780244,0.005649234,-0.003385993,0.004413892,0.04909584,1.820826,0.02004784,-0.02141037,0.078272570999324
8.355148,-0.0767016,-0.02504901,0.05242573,-0.08562069,0.03366581,-0.03785464,0.005217449,-0.003622282,0.004836278,0.04915181,1.820782,0.02013636,-0.04932488,0.096223931907958
8.371429,-0.1062429,-0.05570606,0.07046904,-0.08558113,0.03362751,-0.03773424,0.003932747,-0.004214256,0.005689565,0.0491432,1.820709,0.02025825,-0.09147994,0.139128035078706
8.384884,-0.1215694,-0.06465703,0.07989648,-0.08583884,0.03365657,-0.03779005,0.003235024,-0.004306312,0.006025468,0.04915684,1.820663,0.02035534,-0.1063299,0.159195125870532
8.401676,-0.08148274,-0.01574586,0.03851685,-0.08595064,0.03355618,-0.03782124,0.002109389,-0.004856864,0.006721975,0.04915008,1.820619,0.02047777,-0.05871175,0.091492712634217
